title_ru,alt_names,anime_id,status,type,year,age_rating,genres,source,studio,director,dubbing,site_rating,site_votes,site_views,shikimori_rating,shikimori_url,worldart_rating,worldart_url,kinopoisk_rating,kinopoisk_url,mal_rating,mal_url,comments_count,reviews_count,url
Очкарик-янки,"Glasses with a Chance of Delinquent | Megane, Tokidoki, Yankee-kun | Очкарик-янкі | メガネ、時々、ヤンキーくん",27989,анонс,Сериал,N/A,Неизвестно,Сёдзё | Комедия | Романтика | Школьная жизнь,Манга,,,,0.00,0,1 930 просмотров,N/A,N/A,N/A,N/A,N/A,N/A,N/A,N/A,N/A,N/A,https://old.yummyani.me/catalog/item/ochkarik-yanki
Сирануи,Shiranuhi | Shiranui | Сирануї | しらぬひ,27894,анонс,Полнометражный фильм,Лето 2026,PG-13,Драма | Сверхъестественное,Оригинальная идея,CoMix Wave Films,Катаносака Рё,,0.00,0,994 просмотра,N/A,N/A,N/A,N/A,N/A,N/A,N/A,N/A,N/A,N/A,https://old.yummyani.me/catalog/item/shiranuhi
Импульс мира (reboot),World Trigger (Unknown) | Імпульс світу (reboot),28053,анонс,Неизвестно,N/A,Неизвестно,Сёнэн | Фантастика | Экшен,Манга,Toei Animation,Хатано Морио,,0.00,0,444 просмотра,N/A,N/A,N/A,N/A,N/A,N/A,N/A,N/A,N/A,N/A,https://old.yummyani.me/catalog/item/impuls-mira-reboot
Извивающийся дракон,"Coiling Dragon | Panlong | Дракон, що звивається | 盘龙",27850,анонс,ONA,Весна 2026,PG-13,Приключения | Фэнтези | Экшен | Не японское | Китайское 3D,Визуальная новелла,CG Year,,,0.00,0,2 966 просмотров,N/A,N/A,N/A,N/A,N/A,N/A,N/A,N/A,N/A,N/A,https://old.yummyani.me/catalog/item/izvivayuschiysya-drakon
За пределом божественного царства 2,Above the Kingdom of God 2nd Season | Over the Divine Realms 2nd Season | Shenguo Zhi Shang 2nd Season | За межами божественного царства 2 | 神国之上 第2季,27931,анонс,ONA,2026,Неизвестно,Приключения | Фэнтези | Экшен | Боевые искусства | Исторический | Не японское | Китайское 3D,Новелла,CG Year,,,0.00,0,1 133 просмотра,N/A,N/A,N/A,N/A,N/A,N/A,N/A,N/A,N/A,N/A,https://old.yummyani.me/catalog/item/shenguo-zhi-shang-2nd-season
Сиротан,Sirotan | しろたん,27877,анонс,Сериал,Осень 2026,Неизвестно,Комедия,Неизвестно,Lesprit,,,0.00,0,667 просмотров,N/A,N/A,N/A,N/A,N/A,N/A,N/A,N/A,N/A,N/A,https://old.yummyani.me/catalog/item/sirotan
Я не бог театра,I Am Not the God of Drama | I’m Not The Drama God | I’m Not the God of Drama | Wo Bushi Xi Shen | Я не бог драмы | 我不是戏神,27923,анонс,ONA,2027,Неизвестно,Мистика | Приключения | Фэнтези | Экшен | Постапокалиптика | Психология | Не японское | Китайское 3D,Новелла,Sparkly Key Animation Studio,,,0.00,0,708 просмотров,N/A,N/A,N/A,N/A,N/A,N/A,N/A,N/A,N/A,N/A,https://old.yummyani.me/catalog/item/ya-ne-bog-dramy
Затерянный город странных зверей,"Beastly Maze | Bewildering City of the Unusual Beasts | Mystical Beast City | The City of Beasts | The Creatures That We Are | The Lost City of Alien Beasts | Yi Shou Mi Cheng | Yishou Micheng | Загублене місто дивних звірів | Заточенный в городе зверей | Существа, которыми мы являемся | 异兽迷城",27929,анонс,ONA,N/A,Неизвестно,Фэнтези | Экшен | Психология | Не японское | Китайское 3D,Новелла,Shenman Entertainment,,,0.00,0,1 373 просмотра,N/A,N/A,N/A,N/A,N/A,N/A,N/A,N/A,N/A,N/A,https://old.yummyani.me/catalog/item/yi-shou-mi-cheng
Тануки и лис,Tanuki to Kitsune (TV) | Тануки та лис | タヌキとキツネ,28037,анонс,Сериал,2026,G,Комедия,Манга,,,,0.00,0,370 просмотров,N/A,N/A,N/A,N/A,N/A,N/A,N/A,N/A,N/A,N/A,https://old.yummyani.me/catalog/item/tanuki-i-lis
"Перо, наручники и гражданский брак","A Pen, Handcuffs, and a Common-Law Marriage | Pen to Tejou to Jijitsukon | Pen to Wappa to Jijitsukon | Перо, наручники та громадянський шлюб | ペンと手錠と事実婚",27856,анонс,Сериал,N/A,Неизвестно,Сэйнэн | Детектив | Комедия,Манга,,,,0.00,0,2 110 просмотров,N/A,N/A,N/A,N/A,N/A,N/A,N/A,N/A,N/A,N/A,https://old.yummyani.me/catalog/item/pero-naruchniki-i-grazhdanskiy-brak
Сюнмао Ли,Li Xiongmao | Сюнмао Лі | 李熊猫,27930,анонс,ONA,2026,Неизвестно,Приключения | Фэнтези | Экшен | Не японское,Новелла,Garden Culture,,,0.00,0,1 026 просмотров,N/A,N/A,N/A,N/A,N/A,N/A,N/A,N/A,N/A,N/A,https://old.yummyani.me/catalog/item/li-xiongmao
The Ribbon Hero,THE RIBBON HERO リボンヒーロー,27995,анонс,ONA,Лето 2026,Неизвестно,Сёдзё | Драма | Приключения | Романтика | Фэнтези | Экшен | Гендерная интрига,Оригинальная идея,Outline,Игараси Юки,,0.00,0,1 642 просмотра,N/A,N/A,N/A,N/A,N/A,N/A,N/A,N/A,N/A,N/A,https://old.yummyani.me/catalog/item/the-ribbon-hero
Расцвет молодости: Наша весна,Cheongchun Blossom: Uliui Bom | Seasons of Blossom | Розквіт молодості: Наша весна | 청춘 블라썸: 우리의 봄,27912,онгоинг,Сериал,Весна 2026,PG-13,Романтика | Не японское,Манхва,,Син Чхан Хван,AnimeVost | Манипулятор,6.44,9,3 251 просмотр,N/A,N/A,N/A,N/A,N/A,N/A,N/A,N/A,N/A,N/A,https://old.yummyani.me/catalog/item/rascvet-molodosti-nasha-vesna
Верховный господствующий меч,Yi Jian Du Zun | Верховний пануючий меч | 一剑独尊,27960,анонс,ONA,2027,Неизвестно,Приключения | Фэнтези | Экшен | Боевые искусства | Исторический | Не японское | Китайское 3D,Новелла,Xing Yi Kai Chen,,,0.00,0,1 177 просмотров,N/A,N/A,N/A,N/A,N/A,N/A,N/A,N/A,N/A,N/A,https://old.yummyani.me/catalog/item/yi-jian-du-zun
Дневник сорокалетнего мудреца в другом мире,Arafoo Kenja no Isekai Seikatsu Nikki | Around 40 Kenja no Isekai Seikatsu Nikki | The Diary of a Middle-Aged Sage's Carefree Life in Another World | The Diary of a Sage Around 40 Living in Another World | Щоденник сорокарічного мудреця в іншому світі | アラフォー賢者の異世界生活日記,27968,анонс,Сериал,N/A,Неизвестно,Приключения | Фэнтези | Экшен | Игры | Исэкай,Ранобэ,Yanchester,Инагаки Такаюки,,0.00,0,3 882 просмотра,N/A,N/A,N/A,N/A,N/A,N/A,N/A,N/A,N/A,N/A,https://old.yummyani.me/catalog/item/dnevnik-sorokaletnego-mudreca-v-drugom-mire
Рандеву с жизнью F: Последнее свидание,Date A Live F: Last Date | デート・ア・ライブF Last Dat,27900,анонс,Неизвестно,N/A,R-17+,Сёнэн | Романтика | Фантастика | Фэнтези | Экшен | Гарем | Школьная жизнь,Ранобэ,Fugaku,Нисимура Дзюндзи,,0.00,0,3 444 просмотра,N/A,N/A,N/A,N/A,N/A,N/A,N/A,N/A,N/A,N/A,https://old.yummyani.me/catalog/item/randevu-zhiznyu-poslednee-svidanie
Непревзойдённый под небесами: Дрейфующий ледяной город,Tianxia Wushuang: Fubing Cheng Pian | Неперевершений під небесами: Дріфуюче крижане місто | 天下无双之浮冰城篇,27959,анонс,ONA,2027,PG-13,Экшен | Не японское | Игры,Новелла,ASK Animation,,,0.00,0,1 836 просмотров,N/A,N/A,N/A,N/A,N/A,N/A,N/A,N/A,N/A,N/A,https://old.yummyani.me/catalog/item/tianxia-wushuang-fubing-cheng-pian
Не называйте меня дьяволом,Bie Jiao Wo Emo | Don’t Call Me a Demon | Не називайте мене дияволом | 别叫我恶魔,27958,анонс,ONA,2027,Неизвестно,Фэнтези | Экшен | Не японское | Китайское 3D,Новелла,Shengying,,,0.00,0,1 415 просмотров,N/A,N/A,N/A,N/A,N/A,N/A,N/A,N/A,N/A,N/A,https://old.yummyani.me/catalog/item/bie-jiao-wo-emo
Легенда об Аанге: Последний маг воздуха,Avatar: The Last Airbender | The Legend of Aang: The Last Airbender | Аватар: Последний маг воздуха | Легенда про Аанг: Останній маг повітря,27888,вышел,Полнометражный фильм,Осень 2026,PG,Приключения | Фэнтези | Магия | Боевые искусства | Не японское,Оригинальная идея,Avatar Studios,Лорен Монтгомери | Уильям Мата,,8.64,98,52 478 просмотров,N/A,N/A,N/A,N/A,,//kinopoisk.ru/film/5029203,N/A,N/A,N/A,N/A,https://old.yummyani.me/catalog/item/legenda-ob-aange-posledniy-mag-vozduha
Записи о книгах в старом книжном магазине,Biblia Koshodou no Jiken Techou | The Case Files of Biblia Bookstore | The Case Records of the Biblia Secondhand Bookstore | Записи про книги у старій книгарні | ビブリア古書堂の事件手帖,27967,анонс,Сериал,2027,Неизвестно,Детектив | Драма,Новелла,CloverWorks,Камбэ Мамору,,0.00,0,1 360 просмотров,N/A,N/A,N/A,N/A,N/A,N/A,N/A,N/A,N/A,N/A,https://old.yummyani.me/catalog/item/biblia-koshodou-no-jiken-techou
Глупая игра богов,Foolish Game of the Gods | Zhu Shen Yu Xi | Дурна гра богів | 诸神愚戏,27947,анонс,ONA,2027,Неизвестно,Приключения | Фэнтези | Экшен | Психология | Не японское | Китайское 3D,Новелла,Shengying,,,0.00,0,1 447 просмотров,N/A,N/A,N/A,N/A,N/A,N/A,N/A,N/A,N/A,N/A,https://old.yummyani.me/catalog/item/zhu-shen-yu-xi
Бессмертное путешествие к долголетию,Changsheng Xianyou | Безсмертна подорож до довголіття | 长生仙游,27961,анонс,ONA,2027,PG-13,Приключения | Фэнтези | Экшен | Боевые искусства | Исторический | Не японское | Китайское 3D,Новелла,,,,0.00,0,1 378 просмотров,N/A,N/A,N/A,N/A,N/A,N/A,N/A,N/A,N/A,N/A,https://old.yummyani.me/catalog/item/changsheng-xianyou
Ария по прозвищу Алая Пуля (Shinsaku Short Anime),Hidan no Aria (Shinsaku Short Anime) | 緋弾のアリア 新作ショートアニメ,27901,анонс,Неизвестно,N/A,Неизвестно,Этти | Комедия | Романтика | Экшен | Гарем | Школьная жизнь,Ранобэ,,,,0.00,0,2 766 просмотров,N/A,N/A,N/A,N/A,N/A,N/A,N/A,N/A,N/A,N/A,https://old.yummyani.me/catalog/item/ariya-po-prozvishchu-alaya-pulya-shinsaku-short-anime
"Звучи, эуфониум! Финал | Часть 2","Saishuu Gakushou Hibike! Euphonium: Kouhen | Sound! Euphonium: The Final Movie Part 2 | Звуки, еуфоніум! Фінал. Частина 2 | 最終楽章 響け！ユーフォニアム 後編",28021,анонс,Полнометражный фильм,Лето 2026,PG-13,Сёнэн | Драма | Музыка | Школьная жизнь,Новелла,Kyoto Animation,Исихара Тацуя | Огава Таити,,0.00,0,787 просмотров,N/A,N/A,N/A,N/A,N/A,N/A,N/A,N/A,N/A,N/A,https://old.yummyani.me/catalog/item/saishuu-gakushou-hibike-euphonium-kouhen
